01	0011500	M	Anniston, AL	
01	0012220	M	Auburn, AL	
01	0013820	M	Birmingham, AL	
01	0019300	M	Daphne, AL	
01	0019460	M	Decatur, AL	
01	0020020	M	Dothan, AL	
01	0022520	M	Florence, AL	
01	0023460	M	Gadsden, AL	
01	0026620	M	Huntsville, AL	
01	0033660	M	Mobile, AL	
01	0033860	M	Montgomery, AL	
01	0046220	M	Tuscaloosa, AL	
04	0022380	M	Flagstaff, AZ	
04	0029420	M	Lake Havasu City, AZ	
04	0038060	M	Phoenix, AZ	
04	0039140	M	Prescott, AZ	
04	0043420	M	Sierra Vista, AZ	
04	0046060	M	Tucson, AZ	
04	0049740	M	Yuma, AZ	
05	0022220	M	Fayetteville, AR	
05	0022900	M	Fort Smith, AR	
05	0026300	M	Hot Springs, AR	
05	0027860	M	Jonesboro, AR	
05	0030780	M	Little Rock, AR	
05	0038220	M	Pine Bluff, AR	
06	0012540	M	Bakersfield, CA	
06	0017020	M	Chico, CA	
06	0020940	M	El Centro, CA	
06	0023420	M	Fresno, CA	
06	0025260	M	Hanford, CA	
06	0031080	M	Los Angeles, CA	
06	0031460	M	Madera, CA	
06	0032900	M	Merced, CA	
06	0033700	M	Modesto, CA	
06	0034900	M	Napa, CA	
06	0037100	M	Oxnard, CA	
06	0039820	M	Redding, CA	
06	0040140	M	Riverside, CA	
06	0040900	M	Sacramento, CA	
06	0041500	M	Salinas, CA	
06	0041740	M	San Diego, CA	
06	0041940	M	San Jose, CA	
06	0042020	M	San Luis Obispo, CA		
06	0042100	M	Santa Cruz, CA	
06	0042200	M	Santa Maria, CA	
06	0042220	M	Santa Rosa, CA	
06	0044700	M	Stockton, CA	
06	0046700	M	Vallejo, CA	
06	0047300	M	Visalia, CA	
06	0049700	M	Yuba City, CA		
08	0014500	M	Boulder, CO	
08	0017820	M	Colorado Springs, CO	
08	0019740	M	Denver, CO	
08	0022660	M	Fort Collins, CO	
08	0024300	M	Grand Junction, CO	
08	0024540	M	Greeley, CO	
08	0039380	M	Pueblo, CO	
09	0071950	M	Bridgeport, CT	
09	0072850	M	Danbury, CT	
09	0073450	M	Hartford, CT	
09	0075700	M	New Haven, CT	
09	0076450	M	Norwich, CT	
09	0078700	M	Waterbury, CT		
10	0020100	M	Dover, DE	
10	0048864	M	Wilmington, DE	
12	0015980	M	Cape Coral, FL	
12	0018880	M	Crestview, FL	
12	0019660	M	Deltona, FL	
12	0022744	M	Fort Lauderdale, FL	
12	0023540	M	Gainesville, FL	
12	0026140	M	Homosassa Springs, FL	
12	0027260	M	Jacksonville, FL	
12	0029460	M	Lakeland, FL	
12	0033100	M	Miami, FL	
12	0034940	M	Naples, FL	
12	0035840	M	North Port, FL	
12	0036100	M	Ocala, FL	
12	0036740	M	Orlando, FL	
12	0037340	M	Palm Bay, FL	
12	0037460	M	Panama City, FL	
12	0037860	M	Pensacola, FL	
12	0038940	M	Port Saint Lucie, FL	
12	0039460	M	Punta Gorda, FL	
12	0042680	M	Sebastian, FL	
12	0042700	M	Sebring, FL	
12	0045220	M	Tallahassee, FL	
12	0045300	M	Tampa, FL	
12	0045540	M	The Villages, FL	
12	0048424	M	West Palm Beach, FL	
13	0010500	M	Albany, GA	
13	0012020	M	Athens, GA	
13	0012060	M	Atlanta, GA	
13	0012260	M	Augusta, GA	
13	0015260	M	Brunswick, GA	
13	0017980	M	Columbus, GA	
13	0019140	M	Dalton, GA	
13	0023580	M	Gainesville, GA	
13	0025980	M	Hinesville, GA	
13	0031420	M	Macon, GA	
13	0040660	M	Rome, GA	
13	0042340	M	Savannah, GA	
13	0046660	M	Valdosta, GA	
13	0047580	M	Warner Robins, GA	
16	0014260	M	Boise, ID	
16	0017660	M	Coeur d'Alene, ID	
16	0026820	M	Idaho Falls, ID	
16	0030300	M	Lewiston, ID	
16	0038540	M	Pocatello, ID	
17	0014010	M	Bloomington, IL	
17	0016060	M	Carbondale, IL	
17	0016580	M	Champaign, IL	
17	0016980	M	Chicago, IL	
17	0019180	M	Danville, IL	
17	0019500	M	Decatur, IL	
17	0020994	M	Elgin, IL	
17	0028100	M	Kankakee, IL	
17	0037900	M	Peoria, IL	
17	0040420	M	Rockford, IL	
17	0044100	M	Springfield, IL	
18	0014020	M	Bloomington, IN	
18	0018020	M	Columbus, IN	
18	0021140	M	Elkhart, IN	
18	0021780	M	Evansville, IN	
18	0023060	M	Fort Wayne, IN	
18	0023844	M	Gary, IN	
18	0026900	M	Indianapolis, IN	
18	0029020	M	Kokomo, IN	
18	0029200	M	Lafayette, IN	
18	0033140	M	Michigan City, IN	
18	0034620	M	Muncie, IN	
18	0043780	M	South Bend, IN	
18	0045460	M	Terre Haute, IN	
19	0011180	M	Ames, IA	
19	0016300	M	Cedar Rapids, IA	
19	0019340	M	Davenport, IA	
19	0019780	M	Des Moines, IA	
19	0020220	M	Dubuque, IA	
19	0026980	M	Iowa City, IA	
19	0043580	M	Sioux City, IA	
19	0047940	M	Waterloo, IA	
20	0029940	M	Lawrence, KS	
20	0031740	M	Manhattan, KS	
20	0045820	M	Topeka, KS	
20	0048620	M	Wichita, KS	
21	0014540	M	Bowling Green, KY	
21	0021060	M	Elizabethtown, KY	
21	0030460	M	Lexington, KY	
21	0031140	M	Louisville, KY	
21	0036980	M	Owensboro, KY	
22	0010780	M	Alexandria, LA	
22	0012940	M	Baton Rouge, LA	
22	0025220	M	Hammond, LA	
22	0026380	M	Houma, LA	
22	0029180	M	Lafayette, LA	
22	0029340	M	Lake Charles, LA	
22	0033740	M	Monroe, LA	
22	0035380	M	New Orleans, LA	
22	0043340	M	Shreveport, LA	
23	0070750	M	Bangor, ME	
23	0074650	M	Lewiston, ME	
23	0076750	M	Portland, ME	
24	0012580	M	Baltimore, MD	
24	0015680	M	California, MD	
24	0019060	M	Cumberland, MD
24	0025180	M	Hagerstown, MD	
24	0041540	M	Salisbury, MD	
24	0043524	M	Silver Spring, MD		
25	0070900	M	Barnstable, MA	
25	0071650	M	Boston, MA	
25	0072104	M	Brockton, MA	
25	0073104	M	Framingham, MA	
25	0073604	M	Haverhill, MA	
25	0074204	M	Lawrence, MA	
25	0074500	M	Leominster, MA	
25	0074804	M	Lowell, MA	
25	0074854	M	Lynn, MA	
25	0075550	M	New Bedford, MA	
25	0076524	M	Peabody, MA	
25	0076600	M	Pittsfield, MA	
25	0078100	M	Springfield, MA	
25	0078254	M	Taunton, MA	
25	0079600	M	Worcester, MA	
26	0011460	M	Ann Arbor, MI	
26	0012980	M	Battle Creek, MI	
26	0013020	M	Bay City, MI	
26	0019804	M	Detroit, MI		
26	0022420	M	Flint, MI	
26	0024340	M	Grand Rapids, MI	
26	0027100	M	Jackson, MI	
26	0028020	M	Kalamazoo, MI	
26	0029620	M	Lansing, MI	
26	0033220	M	Midland, MI	
26	0033780	M	Monroe, MI	
26	0034740	M	Muskegon, MI	
26	0035660	M	Niles, MI	
26	0040980	M	Saginaw, MI	
26	0047664	M	Warren, MI	
27	0020260	M	Duluth, MN	
27	0031860	M	Mankato, MN	
27	0033460	M	Minneapolis, MN	
27	0040340	M	Rochester, MN	
27	0041060	M	Saint Cloud, MN	
28	0025060	M	Gulfport, MS	
28	0025620	M	Hattiesburg, MS	
28	0027140	M	Jackson, MS	
29	0016020	M	Cape Girardeau, MO	
29	0017860	M	Columbia, MO	
29	0027620	M	Jefferson City, MO	
29	0027900	M	Joplin, MO	
29	0028140	M	Kansas City, MO	
29	0041140	M	Saint Joseph, MO	
29	0041180	M	St. Louis, MO	
29	0044180	M	Springfield, MO	
30	0013740	M	Billings, MT	
30	0024500	M	Great Falls, MT	
30	0033540	M	Missoula, MT	
31	0024260	M	Grand Island, NE	
31	0030700	M	Lincoln, NE	
31	0036540	M	Omaha, NE	
32	0016180	M	Carson City, NV	
32	0029820	M	Las Vegas, NV	
32	0039900	M	Reno, NV	
33	0073050	M	Dover, NH	
33	0074950	M	Manchester, NH	
33	0075404	M	Nashua, NH	
33	0076900	M	Portsmouth, NH	
34	0012100	M	Atlantic City, NJ	
34	0015804	M	Camden, NJ	
34	0035084	M	Newark, NJ	
34	0036140	M	Ocean City, NJ	
34	0045940	M	Trenton, NJ	
34	0047220	M	Vineland, NJ	
35	0010740	M	Albuquerque, NM	
35	0022140	M	Farmington, NM	
35	0029740	M	Las Cruces, NM	
35	0042140	M	Santa Fe, NM	
36	0010580	M	Albany, NY	
36	0013780	M	Binghamton, NY	
36	0015380	M	Buffalo, NY	
36	0021300	M	Elmira, NY	
36	0024020	M	Glens Falls, NY	
36	0027060	M	Ithaca, NY	
36	0028740	M	Kingston, NY		
36	0035620	M	New York City, NY	
36	0040380	M	Rochester, NY	
36	0045060	M	Syracuse, NY	
36	0046540	M	Utica, NY	
36	0048060	M	Watertown, NY	
37	0011700	M	Asheville, NC	
37	0015500	M	Burlington, NC	
37	0016740	M	Charlotte, NC	
37	0020500	M	Durham, NC	
37	0022180	M	Fayetteville, NC	
37	0024140	M	Goldsboro, NC	
37	0024660	M	Greensboro, NC	
37	0024780	M	Greenville, NC	
37	0025860	M	Hickory, NC	
37	0027340	M	Jacksonville, NC	
37	0035100	M	New Bern, NC	
37	0039580	M	Raleigh, NC	
37	0040580	M	Rocky Mount, NC	
37	0048900	M	Wilmington, NC	
37	0049180	M	Winston-Salem, NC	
38	0013900	M	Bismarck, ND	
38	0022020	M	Fargo, ND	
38	0024220	M	Grand Forks, ND	
39	0010420	M	Akron, OH	
39	0015940	M	Canton, OH	
39	0017140	M	Cincinnati, OH	
39	0017460	M	Cleveland, OH	
39	0018140	M	Columbus, OH	
39	0019380	M	Dayton, OH	
39	0030620	M	Lima, OH	
39	0031900	M	Mansfield, OH	
39	0044220	M	Springfield, OH	
39	0045780	M	Toledo, OH	
39	0049660	M	Youngstown, OH	
40	0030020	M	Lawton, OK	
40	0036420	M	Oklahoma City, OK	
40	0046140	M	Tulsa, OK	
41	0010540	M	Albany, OR	
41	0013460	M	Bend, OR	
41	0018700	M	Corvallis, OR	
41	0021660	M	Eugene, OR	
41	0024420	M	Grants Pass, OR	
41	0032780	M	Medford, OR	
41	0038900	M	Portland, OR	
41	0041420	M	Salem, OR	
42	0010900	M	Allentown, PA	
42	0011020	M	Altoona, PA	
42	0014100	M	Bloomsburg, PA	
42	0016540	M	Chambersburg, PA	
42	0020700	M	East Stroudsburg, PA	
42	0021500	M	Erie, PA	
42	0023900	M	Gettysburg, PA	
42	0025420	M	Harrisburg, PA	
42	0027780	M	Johnstown, PA	
42	0029540	M	Lancaster, PA	
42	0030140	M	Lebanon, PA	
42	0037980	M	Philadelphia, PA	
42	0038300	M	Pittsburgh, PA	
42	0039740	M	Reading, PA	
42	0042540	M	Scranton, PA	
42	0044300	M	State College, PA	
42	0048700	M	Williamsport, PA	
42	0049620	M	York, PA		
44	0077200	M	Providence, RI	
45	0016700	M	Charleston, SC	
45	0017900	M	Columbia, SC	
45	0022500	M	Florence, SC	
45	0024860	M	Greenville, SC	
45	0025940	M	Hilton Head Island, SC	
45	0034820	M	Myrtle Beach, SC	
45	0043900	M	Spartanburg, SC	
45	0044940	M	Sumter, SC	
46	0039660	M	Rapid City, SD	
46	0043620	M	Sioux Falls, SD	
47	0016860	M	Chattanooga, TN	
47	0017300	M	Clarksville, TN	
47	0017420	M	Cleveland, TN	
47	0027180	M	Jackson, TN	
47	0027740	M	Johnson City, TN	
47	0028700	M	Kingsport, TN	
47	0028940	M	Knoxville, TN	
47	0032820	M	Memphis, TN	
47	0034100	M	Morristown, TN	
47	0034980	M	Nashville, TN	
48	0010180	M	Abilene, TX	
48	0011100	M	Amarillo, TX	
48	0012420	M	Austin, TX	
48	0013140	M	Beaumont, TX	
48	0015180	M	Brownsville, TX	
48	0017780	M	College Station, TX	
48	0018580	M	Corpus Christi, TX	
48	0019100	M	Dallas, TX	
48	0021340	M	El Paso, TX	
48	0026420	M	Houston, TX	
48	0028660	M	Killeen, TX	
48	0029700	M	Laredo, TX	
48	0030980	M	Longview, TX	
48	0031180	M	Lubbock, TX	
48	0032580	M	McAllen, TX	
48	0033260	M	Midland, TX	
48	0036220	M	Odessa, TX	
48	0041660	M	San Angelo, TX	
48	0041700	M	San Antonio, TX	
48	0043300	M	Sherman, TX	
48	0045500	M	Texarkana, TX	
48	0046340	M	Tyler, TX	
48	0047020	M	Victoria, TX	
48	0047380	M	Waco, TX	
48	0048660	M	Wichita Falls, TX	
49	0030860	M	Logan, UT	
49	0036260	M	Ogden, UT	
49	0039340	M	Provo, UT	
49	0041100	M	Saint George, UT	
49	0041620	M	Salt Lake City, UT	
50	0072400	M	Burlington, VT	
51	0013980	M	Blacksburg, VA	
51	0016820	M	Charlottesville, VA	
51	0025500	M	Harrisonburg, VA	
51	0031340	M	Lynchburg, VA	
51	0040060	M	Richmond, VA	
51	0040220	M	Roanoke, VA	
51	0044420	M	Staunton, VA	
51	0047260	M	Virginia Beach, VA	
51	0049020	M	Winchester, VA	
53	0013380	M	Bellingham, WA	
53	0014740	M	Bremerton, WA	
53	0028420	M	Kennewick, WA	
53	0031020	M	Longview, WA	
53	0034580	M	Mount Vernon, WA	
53	0036500	M	Olympia, WA	
53	0042660	M	Seattle, WA	
53	0044060	M	Spokane, WA	
53	0045104	M	Tacoma, WA	
53	0047460	M	Walla Walla, WA	
53	0048300	M	Wenatchee, WA	
53	0049420	M	Yakima, WA	
54	0013220	M	Beckley, WV	
54	0016620	M	Charleston, WV	
54	0026580	M	Huntington, WV	
54	0034060	M	Morgantown, WV	
54	0037620	M	Parkersburg, WV	
54	0048260	M	Weirton, WV	
54	0048540	M	Wheeling, WV	
55	0011540	M	Appleton, WI	
55	0020740	M	Eau Claire, WI	
55	0022540	M	Fond du Lac, WI	
55	0024580	M	Green Bay, WI	
55	0027500	M	Janesville, WI	
55	0029100	M	La Crosse, WI	
55	0031540	M	Madison, WI	
55	0033340	M	Milwaukee, WI	
55	0036780	M	Oshkosh, WI	
55	0039540	M	Racine, WI	
55	0043100	M	Sheboygan, WI	
55	0048140	M	Wausau, WI	
56	0016220	M	Casper, WY	
56	0016940	M	Cheyenne, WY	
